"min","max"
"380.0333333333333333","980.0333333333333333"
