"customer_name","aov"
"logan","278.3333333333333"
"scarlett","523"
"jhonny","748.6666666666666"
"Alex","570.3333333333334"
